[
  {
    "name": "Apollo Infotech",
    "desc": "Complete SEO project with keywords . Flutter Development included.",
    "image": "1",
    "category": "seo",
    "links": {
      "view": "https://www.apolloinfotech.com",
      "code": "https://github.com/"
    }
  } ,
  {
    "name": "Navdeep Atta Chakki",
    "desc": "Keyword ranked on Google first page for 'Atta Chakki Manufacturer'.",
    "image": "2",
    "category": "seo",
    "links": {
      "view": "https://navdeepproducts.com",
      "code": "assets/na1.png"
    }
  } ,
  {
    "name": "AVTF",
    "desc": "Holistic SEO project with ranked keyword 'Automatic Vertical Tower Filter Machine'.",
    "image": "3",
    "category": "seo",
    "links": {
      "view": "http://avtf.in/",
      "code": "assets/2.png"
    }
  },
  {
    "name": "Skymac Machinery",
    "desc": "On Page SEO done. Ranked for 'Bar Cutting Machine Manufacturer' (High Competition) on 7th page of Google.",
    "image": "4",
    "category": "seo",
    "links": {
      "view": "https://skymacmachinery.com/",
      "code": "assets/images/im1/Skymac machinery img.jpg"
    }
  },
  {
    "name": "MB Herbals",
    "desc": "Ecommerce website selling herbal products. Ranked for 'Roasted Chicory Powder'.",
    "image": "5",
    "category": "seo",
    "links": {
      "view": "assets/images/im1/MB herbal 1.jpg",
      "code": "assets/images/im1/mb herbals 2nd img.jpg"

      
    }
  },
  {
    "name": "Krishna Engineering Works",
    "desc": "Complete SEO project with keyword ranked on Google.",
    "image": "6",
    "category": "seo",
    "links": {
      "view": "assets/images/im1/k1.jpg",
      "code": "assets/images/im1/k2.jpg"

    }
  },
  {
    "name": "Google Ads - Performance Max Campaign",
    "desc": "Maximized conversions and brand visibility in Narol.",
    "image": "8",
    "category": "goog",
    "links": {
      "view": "https://drive.google.com/file/d/1CJKbbH1fK5Pbm2X14aTiwWR9vShRr67f/view?usp=sharing/",
      "code": "https://ads.google.com/"
    }
  },
  {
    "name": "Dhrusti Sales",
    "desc": "Keyword Ranked On Google Rubber Oil Seal Transformer.",
    "image": "15",
    "category": "seo",
    "links": {
      "view": "https://drive.google.com/file/d/1_OOvpYoDVyCDHGReV5jfGrtmNmYMGQ9n/view?usp=drive_link",
      "code": "https://www.dhrutisales.co.in/"
    }
  },
  {
    "name": "Facebook Developer",
    "desc": "Developed Facebook applications and managed campaigns.",
    "image": "16",
    "category": "basic",
    "links": {
      "view": "https://drive.google.com/file/d/17JMkXxiiYTvGxdyN-GA4Z32lEM1KlR0T/view?usp=sharing",
      "code": "https://developers.facebook.com/"
    }
  },

  {
    "name": "Facebook Lead Generation Campaign",
    "desc": "Generated maximum leads for IT company from Facebook & Instagram.",
    "image": "9",
    "category": "meta",
    "links": {
      "view": "https://manojchaudhary-sable.github.io/JavaScript-Projects",
      "code": "https://github.com/ManojChaudhary-sable/JavaScript-Projects"
    }
  },

  {
    "name": "Facebook Page Followers Campaign",
    "desc": "Targeted correct audience and increased followers for company page.",
    "image": "9",
    "category": "meta",
    "links": {
      "view": "assets/images/im1/facebook followers page.jpg",
      "code": "assets/images/im1/facebook followers page.jpg"
    }
  },
 {
    "name": "Social Media Management",
    "desc": "Generated leads for Wallart company using Facebook and Instagram campaigns.",
    "image": "11",
    "category":"social",
    "links": {
      "view": "https://drive.google.com/file/d/1BJnUyISgrYWtWrova3P9QhPdrzkqPOuX/view?usp=sharing",
      "code": "https://drive.google.com/file/d/1q-NG-QmUgY5IGRVm_uIuWHVX-zl68Jtt/view?usp=sharing"
    }
  },
  {
    "name": "Facebook Leads for Wallart Company",
    "desc": "Generated leads for Wallart company using Facebook and Instagram campaigns.",
    "image": "9",
    "category":"meta",
    "links": {
      "view": "https://app.wallfe.com/",
      "code": "https://drive.google.com/file/d/1xkzFMNGzJXbycGP-2Zr-R6M6NIikX_Oj/view?usp=sharing"
    }
  },
  {
    "name": "Google Business Profile Management",
    "desc": "Managed Google Business Profile for Apollo Infotech.",
    "image": "12",
    "category": "goog",
    "links": {
      "view": "https://drive.google.com/file/d/1VykQzmmR6BF4b5X-kUYFVUJ1rRzTZR0n/view?usp=sharing",
      "code": "https://www.apolloinfotech.com"
    }
  },
  {
    "name": "Google Ads - Page Views Campaign",
    "desc": "Achieved maximum market reach through Google Ads.",
    "image": "8",
    "category": "goog",
    "links": {
      "view": "https://github.com/ManojChaudhary-sable/Flipkart-Clone-PHP",
      "code": "https://github.com/ManojChaudhary-sable/Flipkart-Clone-PHP"
    }
  },
  {
    "name": "WhatsApp API Integration",
    "desc": "Integrated WhatsApp API for business communication.",
    "image": "10",
    "category": "basic",
    "links": {
      "view": "https://drive.google.com/file/d/1TQ4sNgVVLAE4-m7XQyDRltDpQKDulcFq/view?usp=sharing",

      "code": "https://drive.google.com/file/d/1R0uHeFKrqUrBOyTxEakSaYWaJS4A0Qdj/view?usp=sharing"
    }
  },
  {
    "name": "Graphic Designing",
    "desc": "Created graphics for various campaigns.",
    "image": "12",
    "category": "graph",
    "links": {
      "view": "https://drive.google.com/file/d/1EP7EFO5guSWfZm8R4L4XasrwLB6yjYwp/view?usp=sharing",
      "code": "https://www.canva.com/"
    }
  },
  {
    "name": "Facebook Developer",
    "desc": "Developed Facebook applications and managed campaigns.",
    "image": "13",
    "category": "basic",
    "links": {
      "view": "https://drive.google.com/file/d/17JMkXxiiYTvGxdyN-GA4Z32lEM1KlR0T/view?usp=sharing",
      "code": "https://developers.facebook.com/"
    }
  },
  {
    "name": "Facebook Followers Page",
    "desc": "Managed Facebook page and increased followers.",
    "image": "10",
    "category": "meta",
    "links": {
      "view": "https://drive.google.com/file/d/1MK8pzlaMRUpVc5VENew4IBpgUEbGDGwq/view?usp=sharing",
      "code": "https://adsmanager.facebook.com/"
    }
  },
  {
    "name": "Chat-GPT ",
    "desc": "Daily Uses Tasks For Research.",
    "image": "chatgpt",
    "category": "seo",
    "links": {
      "view": "https://drive.google.com/file/d/1goAEvkc6m8-y_Iv2T36eEV2mv3kMUURm/view?usp=sharing",
      "code": "https://chatgpt.com/"
    }
  },
  {
    "name": "Google Ads - Lead Generation Campaign",
    "desc": "Generated maximum leads for Apollo Infotech.",
    "image": "8",
    "category": "goog",
    "links": {
      "view": "",
      "code": "https://ads.google.com/"
    }
  },

  {
    "name": "Amazon Ads Manager",
    "desc": "Managed Amazon advertising campaigns to boost product visibility.",
    "image": "14",
    "category": "Ecomm",
    "links": {
      "view": "https://drive.google.com/file/d/1gxdPRukKNQt0IzXtvU4FvkJ3r4RCZ9tw/view?usp=sharing",
      "code": "https://advertising.amazon.com/"
    }
  }
]